,City,Lat,Lng,Max Temp,Humidity,Cloudiness,Wind Speed,Country,Date
0,hermanus,-34.4187,19.2345,291.98,45,60,3.13,ZA,1624157292
1,mar del plata,-38.0023,-57.5575,280.44,68,75,0.89,AR,1624157292
2,cape town,-33.9258,18.4232,292.1,42,0,3.6,ZA,1624157065
3,tupik,54.4253,119.9327,290.71,75,85,2.36,RU,1624157293
4,victoria,22.2855,114.1577,306.18,83,100,3.13,HK,1624157155
5,vaini,-21.2,-175.2,299.24,83,20,3.09,TO,1624157294
6,kruisfontein,-34.0033,24.7314,289.05,32,18,4.62,ZA,1624157260
7,pozoblanco,38.3791,-4.8483,286.47,74,61,1.69,ES,1624157295
8,safaga,26.7292,33.9365,298.12,38,0,6.54,EG,1624157296
9,yellowknife,62.456,-114.3525,287.44,41,75,4.12,CA,1624157297
10,husavik,66.0449,-17.3389,279.1,80,98,2.23,IS,1624157297
11,constitucion,-35.3333,-72.4167,283.75,73,97,1.37,CL,1624157298
12,puerto ayora,-0.7393,-90.3518,296.23,90,87,3.13,EC,1624157298
13,bethanien,-26.502,17.1583,286.11,40,0,2.8,NA,1624157298
14,punta arenas,-53.15,-70.9167,276.21,87,0,5.66,CL,1624157299
15,port hardy,50.6996,-127.4199,288.25,94,90,0.0,CA,1624157299
16,bethel,41.3712,-73.414,293.76,91,100,2.77,US,1624157300
17,bredasdorp,-34.5322,20.0403,283.77,76,15,2.06,ZA,1624157300
18,rikitea,-23.1203,-134.9692,297.23,75,2,7.9,PF,1624157301
19,klaksvik,62.2266,-6.589,281.66,88,96,6.44,FO,1624157301
20,sao filipe,14.8961,-24.4956,295.48,83,7,2.26,CV,1624157301
21,tianmen,30.6516,113.1603,298.03,62,99,1.1,CN,1624157302
22,grand gaube,-20.0064,57.6608,295.37,74,51,1.34,MU,1624157302
23,viedma,-40.8135,-62.9967,277.47,86,43,4.29,AR,1624157217
24,karaman,37.0833,33.25,289.44,47,0,0.65,TR,1624157303
25,mataura,-46.1927,168.8643,283.01,83,63,2.28,NZ,1624157304
26,nouadhibou,20.931,-17.0347,292.14,72,0,9.77,MR,1624157297
27,port elizabeth,-33.918,25.5701,290.26,40,37,4.02,ZA,1624157113
28,atuona,-9.8,-139.0333,299.58,74,13,9.05,PF,1624157305
29,ushuaia,-54.8,-68.3,275.96,87,20,6.69,AR,1624157305
30,georgetown,5.4112,100.3354,302.11,81,20,0.0,MY,1624157195
31,isangel,-19.55,169.2667,299.88,74,95,4.37,VU,1624157306
32,kapaa,22.0752,-159.319,302.14,73,40,2.24,US,1624157307
33,butaritari,3.0707,172.7902,300.67,71,7,0.75,KI,1624157307
34,new norfolk,-42.7826,147.0587,283.1,65,9,0.81,AU,1624157307
35,saint-pierre,-21.3393,55.4781,293.31,74,40,4.12,RE,1624157103
36,albany,42.6001,-73.9662,295.21,79,99,3.87,US,1624157308
37,avarua,-21.2078,-159.775,298.18,69,40,5.14,CK,1624157309
38,san pedro,14.35,121.0167,305.72,68,40,6.69,PH,1624157309
39,digha,21.6833,87.55,300.64,79,100,4.98,IN,1624157310
40,inirida,3.8653,-67.9239,296.16,97,90,0.41,CO,1624157310
41,rawah,34.4816,41.9093,297.86,39,0,6.16,IQ,1624157310
42,lata,40.1629,-8.3327,287.55,85,96,2.86,PT,1624157311
43,narsipatnam,17.6667,82.6167,303.82,63,97,2.91,IN,1624157209
44,alice springs,-23.7,133.8833,287.9,51,14,3.6,AU,1624157163
45,hithadhoo,-0.6,73.0833,301.78,69,72,5.81,MV,1624157313
46,tevaitoa,-16.7833,-151.5,300.22,78,39,6.49,PF,1624157313
47,ancud,-41.8697,-73.8203,281.61,84,100,2.39,CL,1624157314
48,barrow,71.2906,-156.7887,274.16,86,90,5.66,US,1624157314
49,morant bay,17.8815,-76.4093,301.94,88,98,4.53,JM,1624157314
50,jalu,29.0331,21.5482,295.52,48,0,3.41,LY,1624157315
51,nikolskoye,59.7035,30.7861,295.26,71,0,2.54,RU,1624157315
52,tiksi,71.6872,128.8694,287.4,57,33,1.69,RU,1624157316
53,kavaratti,10.5669,72.642,301.4,76,100,9.34,IN,1624157316
54,lompoc,34.6391,-120.4579,296.23,85,1,3.6,US,1624157190
55,cairns,-16.9167,145.7667,300.9,49,74,4.63,AU,1624157214
56,kumano,34.3442,132.5894,298.8,48,53,0.7,JP,1624157317
57,obo,5.3998,26.4869,292.54,98,100,0.64,CF,1624157318
58,surt,31.2089,16.5887,295.68,66,0,2.78,LY,1624157318
59,bozeman,45.6796,-111.0386,295.83,44,20,4.12,US,1624157191
60,mount darwin,-16.7725,31.5838,281.95,88,1,1.52,ZW,1624157319
61,castro,-24.7911,-50.0119,285.83,96,98,3.43,BR,1624157312
62,alofi,-19.0595,-169.9187,298.09,83,31,5.66,NU,1624157320
63,caravelas,-17.7125,-39.2481,295.67,69,100,3.74,BR,1624157320
64,yershichi,53.6725,32.7542,291.01,94,0,1.74,RU,1624157321
65,mahon,39.8885,4.2658,297.46,78,0,5.14,ES,1624157204
66,birjand,32.8663,59.2211,294.41,21,0,0.0,IR,1624157322
67,hobart,-42.8794,147.3294,283.29,78,75,0.45,AU,1624157287
68,udachnyy,66.4167,112.4,299.49,31,67,5.43,RU,1624157248
69,nizhniy baskunchak,48.2198,46.8311,296.11,39,0,6.13,RU,1624157323
70,kalmunai,7.4167,81.8167,302.75,66,98,1.47,LK,1624157324
71,berekum,7.4534,-2.584,294.44,98,59,2.82,GH,1624157324
72,kaitangata,-46.2817,169.8464,283.01,90,95,4.06,NZ,1624157325
73,zhezkazgan,47.8043,67.7144,290.53,35,98,4.63,KZ,1624157325
74,cidreira,-30.1811,-50.2056,288.22,95,100,5.48,BR,1624157327
75,vao,-22.6667,167.4833,295.84,72,90,9.92,NC,1624157327
76,chifeng,42.2683,118.9636,299.25,26,10,8.47,CN,1624156913
77,bluff,-46.6,168.3333,283.91,83,34,5.87,NZ,1624157328
78,tilichiki,60.4667,166.1,283.25,59,100,1.87,RU,1624157328
79,oktyabrskiy,54.4815,53.471,294.1,76,1,3.89,RU,1624157265
80,morden,49.1919,-98.1014,294.36,43,100,2.06,CA,1624157329
81,chuy,-33.6971,-53.4616,285.49,97,99,3.84,UY,1624157330
82,massaguet,12.4755,15.4365,302.17,46,99,4.48,TD,1624157330
83,arraial do cabo,-22.9661,-42.0278,294.41,81,12,14.61,BR,1624157248
84,faya,18.3851,42.4509,294.21,22,98,0.76,SA,1624157331
85,bosaso,11.2842,49.1816,304.26,46,20,9.95,SO,1624157332
86,olafsvik,64.8945,-23.7142,278.11,69,52,4.72,IS,1624157332
87,jamestown,42.097,-79.2353,290.97,97,1,0.45,US,1624157197
88,imeni babushkina,59.7573,43.1285,293.62,73,1,1.59,RU,1624157333
89,thinadhoo,0.5333,72.9333,301.8,68,70,5.97,MV,1624157334
90,carora,10.1755,-70.0827,298.66,68,8,5.24,VE,1624157334
91,ilulissat,69.2167,-51.1,280.16,65,55,1.54,GL,1624157335
92,college,64.8569,-147.8028,294.12,67,75,2.06,US,1624157335
93,dudinka,69.4058,86.1778,278.02,93,100,2.24,RU,1624157336
94,atoka,34.4001,-96.0169,300.28,84,3,3.21,US,1624157336
95,pangnirtung,66.1451,-65.7125,277.98,89,100,1.48,CA,1624157336
96,kenai,60.5544,-151.2583,290.39,83,90,3.09,US,1624157337
97,longyearbyen,78.2186,15.6401,278.06,75,75,10.29,SJ,1624157337
98,tiznit,29.5833,-9.5,287.33,86,16,1.8,MA,1624157338
99,mandalgovi,45.7625,106.2708,295.56,26,99,2.66,MN,1624157269
100,aksarka,66.5606,67.7975,284.57,67,100,7.76,RU,1624157339
101,chivilcoy,-34.8957,-60.0167,279.27,64,0,0.89,AR,1624157239
102,hilo,19.7297,-155.09,301.08,77,75,3.6,US,1624157340
103,sijunjung,-0.6876,100.9537,301.32,55,76,1.03,ID,1624157341
104,bambous virieux,-20.3428,57.7575,295.29,64,40,7.2,MU,1624157341
105,khatanga,71.9667,102.5,301.05,29,4,6.8,RU,1624157342
106,ribeira grande,38.5167,-28.7,293.12,93,93,4.09,PT,1624157342
107,jega,12.2175,4.3792,301.18,53,100,4.64,NG,1624157345
108,severo-kurilsk,50.6789,156.125,279.92,88,100,1.57,RU,1624157345
109,pitimbu,-7.4706,-34.8086,295.48,86,50,4.5,BR,1624157345
110,vestmannaeyjar,63.4427,-20.2734,279.5,76,8,10.03,IS,1624157346
111,nhulunbuy,-12.2333,136.7667,299.49,65,90,7.72,AU,1624157346
112,bathsheba,13.2167,-59.5167,300.49,69,40,6.17,BB,1624157347
113,choya,52.0108,86.5467,285.42,99,100,2.72,RU,1624157347
114,aklavik,68.2191,-135.0107,299.61,26,52,4.42,CA,1624157348
115,port alfred,-33.5906,26.891,292.08,42,7,5.21,ZA,1624157348
116,clyde river,70.4692,-68.5914,274.28,100,90,1.03,CA,1624157348
117,provideniya,64.3833,-173.3,287.88,46,20,1.08,RU,1624157349
118,busselton,-33.65,115.3333,286.53,85,44,6.81,AU,1624157336
119,broome,42.2506,-75.833,290.47,96,90,0.89,US,1624157350
120,touros,-5.1989,-35.4608,295.65,87,5,5.19,BR,1624157350
121,saskylakh,71.9167,114.0833,303.29,21,20,7.03,RU,1624157351
122,ndjole,-0.1783,10.7649,296.11,97,74,0.97,GA,1624157351
123,mount gambier,-37.8333,140.7667,286.1,67,76,5.66,AU,1624157278
124,axim,4.8699,-2.2405,298.41,85,92,3.92,GH,1624157352
125,san cristobal,7.7669,-72.225,297.25,97,63,1.2,VE,1624157352
126,cherskiy,68.75,161.3,286.22,61,99,6.81,RU,1624157353
127,jiayuguan,39.8167,98.3,297.26,21,100,4.08,CN,1624157353
128,geraldton,-28.7667,114.6,290.38,55,90,5.14,AU,1624157353
129,nanortalik,60.1432,-45.2371,278.7,80,100,4.2,GL,1624157354
130,olga,43.7444,135.2892,282.04,95,100,5.09,RU,1624157354
131,mongo,12.1844,18.693,299.38,66,100,2.44,TD,1624157353
132,narsaq,60.9167,-46.05,282.27,75,100,0.63,GL,1624157355
133,imperia,43.9667,7.7833,292.15,90,73,1.96,IT,1624157356
134,karasjok,69.4719,25.5112,281.21,71,100,6.21,NO,1624157356
135,mahebourg,-20.4081,57.7,295.31,64,40,7.2,MU,1624157289
136,krivosheino,57.3431,83.9261,282.55,66,100,3.55,RU,1624157357
137,torbay,47.6666,-52.7314,286.58,80,40,6.17,CA,1624157357
138,yar-sale,66.8333,70.8333,285.21,54,94,5.68,RU,1624157358
139,kodiak,57.79,-152.4072,281.88,100,90,4.12,US,1624157358
140,qaanaaq,77.484,-69.3632,275.54,60,5,0.25,GL,1624157358
141,tuktoyaktuk,69.4541,-133.0374,295.15,35,20,5.14,CA,1624157359
142,chokurdakh,70.6333,147.9167,293.65,29,27,5.39,RU,1624157359
143,halle,51.5,12.0,295.26,86,0,3.09,DE,1624157360
144,fare,-16.7,-151.0167,300.34,77,6,6.74,PF,1624157361
145,mizdah,31.4451,12.9801,296.69,32,0,1.82,LY,1624157203
146,aden,12.7794,45.0367,303.34,73,76,2.05,YE,1624157115
147,faanui,-16.4833,-151.75,300.24,77,18,6.05,PF,1624157362
148,nyurba,63.2842,118.3319,302.7,36,10,2.83,RU,1624157362
149,nantucket,41.2835,-70.0995,295.35,90,1,6.69,US,1624157363
150,egvekinot,66.3167,-179.1667,284.21,50,66,1.05,RU,1624157363
151,dunedin,-45.8742,170.5036,283.6,93,100,4.92,NZ,1624157364
152,kollam,8.8833,76.6,302.08,80,83,4.39,IN,1624157364
153,saint-philippe,-21.3585,55.7679,293.27,73,68,6.15,RE,1624157365
154,alpena,45.0617,-83.4327,291.33,59,90,3.6,US,1624157365
155,rio gallegos,-51.6226,-69.2181,273.18,80,0,0.0,AR,1624157366
156,timizart,36.8,4.2667,293.17,81,87,3.01,DZ,1624157367
157,cabedelo,-6.9811,-34.8339,295.52,88,58,4.89,BR,1624157354
158,karratha,-20.7377,116.8463,296.3,47,2,5.86,AU,1624157369
159,rio grande,-32.035,-52.0986,287.01,96,96,3.65,BR,1624157317
160,avera,33.194,-82.5271,296.53,96,100,4.48,US,1624157370
161,tecoanapa,16.5167,-98.75,298.95,84,92,1.42,MX,1624157370
162,maningrida,-12.0667,134.2667,301.74,41,25,4.8,AU,1624157371
163,westport,41.1415,-73.3579,295.03,92,90,0.45,US,1624157200
164,sogne,58.0833,7.8167,285.76,43,46,1.21,NO,1624157372
165,waipawa,-41.4122,175.5153,285.5,95,100,8.79,NZ,1624157372
166,luderitz,-26.6481,15.1594,294.65,31,4,4.98,NA,1624157373
167,cayenne,4.9333,-52.3333,300.42,84,20,1.79,GF,1624157123
168,muros,42.7762,-9.0603,287.72,92,100,6.63,ES,1624157374
169,carnarvon,-24.8667,113.6333,292.19,39,0,2.06,AU,1624157301
170,airai,-8.9266,125.4092,293.91,64,70,1.89,TL,1624157375
171,mariental,-24.6333,17.9667,284.64,50,0,5.4,NA,1624157376
172,daru,-9.0763,143.2092,300.68,67,23,6.28,PG,1624157377
173,xining,36.6167,101.7667,288.21,53,100,0.64,CN,1624157189
174,vila franca do campo,37.7167,-25.4333,292.38,93,79,4.54,PT,1624157377
175,dikson,73.5069,80.5464,273.55,80,79,3.97,RU,1624157378
176,aquiraz,-3.9014,-38.3911,300.47,83,56,4.07,BR,1624157378
177,aktas,49.7789,72.9608,286.01,42,56,5.76,KZ,1624157379
178,tasiilaq,65.6145,-37.6368,276.24,68,32,2.07,GL,1624157380
179,bolu,40.6667,31.5833,286.94,89,7,0.23,TR,1624157380
180,lebu,-37.6167,-73.65,281.58,80,76,1.51,CL,1624157381
181,belmonte,-15.8631,-38.8828,294.43,83,93,4.81,BR,1624157381
182,yulara,-25.2406,130.9889,287.06,51,4,5.14,AU,1624157382
183,maniitsoq,65.4167,-52.9,277.16,97,100,9.71,GL,1624157382
184,rorvik,64.8621,11.2373,283.1,79,93,8.09,NO,1624157383
185,samana,19.2056,-69.3369,298.98,90,100,4.17,DO,1624157383
186,ayan,56.45,138.1667,286.3,59,9,4.79,RU,1624157384
187,esperance,-33.8667,121.9,287.06,47,51,7.69,AU,1624157384
188,katherine,-14.4667,132.2667,297.33,22,80,5.14,AU,1624157384
189,asau,46.4333,26.4,288.12,100,60,2.16,RO,1624157385
190,kurilsk,45.2333,147.8833,284.05,69,100,0.74,RU,1624157385
191,namibe,-15.1961,12.1522,293.06,67,9,4.37,AO,1624157386
192,upernavik,72.7868,-56.1549,275.33,73,43,4.26,GL,1624157386
193,ontario,34.0633,-117.6509,305.18,54,1,1.34,US,1624157205
194,east london,-33.0153,27.9116,291.64,39,6,3.15,ZA,1624157256
195,sao francisco,-15.9486,-44.8644,292.94,55,2,2.06,BR,1624157220
196,tirumakudal narsipur,12.21,76.9064,295.84,68,100,6.24,IN,1624157388
197,atar,20.5169,-13.0499,299.62,18,0,5.0,MR,1624157388
198,griffith,41.5284,-87.4237,298.12,80,90,0.45,US,1624157389
199,mount isa,-20.7333,139.5,293.02,28,2,4.63,AU,1624157390
200,raga,8.4596,25.678,294.59,81,100,1.58,SS,1624157390
201,nome,64.5011,-165.4064,293.77,55,1,4.63,US,1624157391
202,los llanos de aridane,28.6585,-17.9182,291.01,75,0,6.69,ES,1624157223
203,sola,-13.8833,167.55,299.8,79,99,5.1,VU,1624157392
204,mandali,33.7499,45.5541,303.39,16,0,4.47,IQ,1624157393
205,holoby,51.0865,25.0077,290.4,95,53,2.73,UA,1624157393
206,houma,29.5958,-90.7195,301.15,87,1,1.54,US,1624157318
207,katsuura,35.1333,140.3,297.21,88,98,6.84,JP,1624157394
208,cap malheureux,-19.9842,57.6142,295.42,75,43,1.34,MU,1624157395
209,pisco,-13.7,-76.2167,291.18,82,90,6.17,PE,1624157395
210,puerto cabezas,14.0351,-83.3888,299.6,88,13,4.24,NI,1624157209
211,ust-kulom,61.6864,53.6902,284.21,54,3,4.99,RU,1624157397
212,xai-xai,-25.0519,33.6442,290.7,90,35,1.55,MZ,1624157143
213,yenagoa,4.9247,6.2642,296.85,96,75,1.65,NG,1624157398
214,champerico,14.3,-91.9167,301.12,76,100,1.14,GT,1624157399
215,coahuayana,18.7333,-103.6833,297.86,90,100,1.06,MX,1624157399
216,vangaindrano,-23.35,47.6,292.17,91,64,2.5,MG,1624157353
217,sept-iles,50.2001,-66.3821,285.44,97,90,1.54,CA,1624157320
218,bestobe,52.4994,73.0975,289.16,46,54,4.86,KZ,1624157400
219,mittagong,-34.45,150.45,284.93,86,98,2.95,AU,1624157401
220,beipiao,41.7919,120.7792,300.25,27,25,8.51,CN,1624157401
221,beian,63.6559,9.5683,285.68,91,100,4.45,NO,1624157402
222,borogontsy,62.6683,131.1683,303.77,21,90,1.09,RU,1624157402
223,maumere,-8.6199,122.2111,302.07,64,12,1.54,ID,1624157187
224,bengkulu,-3.8004,102.2655,301.4,64,90,1.39,ID,1624157205
225,cabo san lucas,22.8909,-109.9124,306.93,77,4,7.32,MX,1624157403
226,labuhan,-6.8844,112.2051,302.22,67,54,2.17,ID,1624157404
227,lorengau,-2.0226,147.2712,302.34,69,29,2.96,PG,1624157405
228,pevek,69.7008,170.3133,277.97,84,19,2.09,RU,1624157405
229,manadhoo,5.7667,73.3833,301.19,76,72,6.47,MV,1624157405
230,bumba,2.1833,22.4667,293.58,96,98,1.6,CD,1624157406
231,madaoua,14.073,5.96,300.08,61,90,2.97,NE,1624157297
232,high level,58.5169,-117.136,290.21,34,40,2.57,CA,1624157407
233,havelock,34.8791,-76.9013,300.94,87,75,2.24,US,1624157407
234,ulaangom,49.9811,92.0667,297.93,29,92,1.97,MN,1624157407
235,saint george,37.1041,-113.5841,314.48,11,1,5.66,US,1624157408
236,suwannaphum,15.6035,103.8021,307.81,50,12,5.97,TH,1624157408
237,charters towers,-20.1,146.2667,293.41,30,12,3.82,AU,1624157409
238,san isidro,-12.1167,-77.05,291.92,91,90,4.12,PE,1624157380
239,port-cartier,50.0334,-66.8654,285.27,99,100,2.51,CA,1624157410
240,siguiri,11.6667,-9.5,296.71,82,99,3.31,GN,1624157410
241,grafton,42.207,-71.6856,299.21,75,75,2.24,US,1624157411
242,bilma,18.6853,12.9164,304.97,16,48,2.67,NE,1624157411
243,vila velha,-20.3297,-40.2925,292.12,94,75,1.54,BR,1624157243
244,la ronge,55.1001,-105.2842,287.29,72,40,3.09,CA,1624157412
245,tuatapere,-46.1333,167.6833,281.44,76,3,0.97,NZ,1624157412
246,gambo,4.6482,22.2633,293.55,98,100,0.45,CF,1624157413
247,kuusamo,65.9667,29.1833,284.17,87,90,2.06,FI,1624157350
248,revda,56.801,59.9303,290.6,71,84,6.1,RU,1624157271
249,saldanha,-33.0117,17.9442,285.18,50,0,3.98,ZA,1624157315
250,walvis bay,-22.9575,14.5053,291.68,34,1,4.12,NA,1624157239
251,harper,4.375,-7.7169,298.26,86,100,3.55,LR,1624157394
252,fairbanks,64.8378,-147.7164,294.13,68,90,3.6,US,1624157232
253,afikpo,5.8931,7.9374,296.24,97,100,1.67,NG,1624157416
254,palmer,42.1584,-72.3287,297.42,72,90,2.06,US,1624157391
255,wattegama,6.7989,81.4808,300.66,58,97,0.44,LK,1624157417
256,toktogul,41.8708,72.9402,290.52,70,21,0.72,KG,1624157417
257,portland,45.5234,-122.6762,300.48,53,1,0.89,US,1624157400
258,bandikui,27.05,76.5667,304.86,51,93,5.61,IN,1624157418
259,ahipara,-35.1667,173.1667,289.14,85,23,8.17,NZ,1624157419
260,nishihara,26.1842,127.7558,302.96,87,75,8.23,JP,1624157419
261,sungaipenuh,-2.0833,101.3833,297.37,52,99,1.62,ID,1624157299
262,comodoro rivadavia,-45.8667,-67.5,280.07,61,0,8.23,AR,1624157420
263,basna,21.2833,82.8167,301.13,67,100,6.3,IN,1624157420
264,talnakh,69.4865,88.3972,281.59,91,100,2.16,RU,1624157382
265,port lincoln,-34.7333,135.8667,287.03,50,1,2.85,AU,1624157422
266,alta floresta,-9.8756,-56.0861,299.02,55,97,0.53,BR,1624157422
267,awjilah,29.1081,21.2869,295.03,50,0,3.71,LY,1624157422
268,porto novo,6.4965,2.6036,301.05,87,100,3.02,BJ,1624157423
269,fortuna,40.5982,-124.1573,293.07,67,20,0.45,US,1624157423
270,humaita,-7.5061,-63.0208,296.47,96,95,1.02,BR,1624157249
271,pierre,44.3683,-100.351,297.66,38,1,6.69,US,1624157424
272,salinopolis,-0.6136,-47.3561,298.83,85,100,4.12,BR,1624157425
273,denpasar,-8.65,115.2167,302.96,79,40,4.12,ID,1624157361
274,savannah bight,16.45,-85.85,301.48,86,100,11.69,HN,1624157425
275,maceio,-9.6658,-35.7353,295.84,94,90,3.09,BR,1624157426
276,souillac,-20.5167,57.5167,295.36,64,40,7.2,MU,1624157426
277,ostrovnoy,68.0531,39.5131,284.46,74,100,2.3,RU,1624157427
278,dzaoudzi,-12.7887,45.2699,298.09,83,75,5.66,YT,1624157427
279,mao,39.8885,4.2658,297.46,78,0,5.14,ES,1624157428
280,kirovskiy,45.0917,133.5136,285.8,95,100,1.98,RU,1624157428
281,malmesbury,-33.4608,18.7271,291.36,33,3,1.07,ZA,1624157352
282,kismayo,-0.3582,42.5454,297.68,81,100,7.39,SO,1624157426
283,les cayes,18.2,-73.75,299.62,84,100,2.22,HT,1624157429
284,cockburn town,21.4612,-71.1419,300.23,85,100,9.55,TC,1624157430
285,hambantota,6.1241,81.1185,301.34,78,20,0.51,LK,1624157346
286,aktash,50.3,87.7333,288.74,45,55,0.38,RU,1624157431
287,rovaniemi,66.5,25.7167,283.82,81,90,1.03,FI,1624157431
288,ha giang,22.8333,104.9833,308.6,51,44,1.18,VN,1624157102
289,launceston,-41.45,147.1667,283.79,93,90,3.09,AU,1624157239
290,palafrugell,41.9174,3.1631,297.27,20,84,2.24,ES,1624157240
291,springbok,-29.6643,17.8865,287.76,32,68,4.05,ZA,1624157176
292,monterey,36.2505,-121.2516,295.84,42,0,2.83,US,1624157433
293,tigzirt,36.8886,4.1198,294.19,81,89,3.93,DZ,1624157434
294,saint-georges,12.0564,-61.7485,299.97,89,75,7.2,GD,1624157246
295,aykhal,66.0,111.5,297.64,39,89,5.26,RU,1624157248
296,calabar,4.9517,8.322,296.81,96,100,0.91,NG,1624157348
297,vanderhoof,54.0166,-124.0198,292.08,46,3,1.4,CA,1624157436
298,mareeba,-17.0,145.4333,298.33,57,78,1.84,AU,1624157436
299,sinegorye,62.0788,150.477,292.41,40,100,2.75,RU,1624157436
300,norman wells,65.282,-126.8329,293.17,34,20,8.23,CA,1624157437
301,itinga,-16.6131,-41.7653,293.1,85,100,1.49,BR,1624157437
302,phayao,19.25,100.25,301.9,60,73,1.85,TH,1624157438
303,ponta do sol,32.6667,-17.1,291.88,77,14,2.54,PT,1624157438
304,abu dhabi,24.4667,54.3667,305.16,84,0,0.51,AE,1624156750
305,san quintin,30.4833,-115.95,290.8,87,21,4.68,MX,1624157439
306,tura,25.5198,90.2201,296.38,94,99,2.97,IN,1624157440
307,marystown,47.1666,-55.1483,284.0,72,100,3.0,CA,1624157440
308,port blair,11.6667,92.75,303.17,84,40,3.09,IN,1624157153
309,touba,8.2833,-7.6833,293.69,98,75,1.88,CI,1624157441
310,akyab,20.15,92.9,298.83,88,100,1.43,MM,1624157442
311,toora-khem,52.4675,96.11,297.25,39,75,1.41,RU,1624157442
312,lagoa,39.05,-27.9833,292.07,92,91,5.72,PT,1624157443
313,vostok,46.4856,135.8833,292.03,34,97,5.8,RU,1624157443
314,sokoni,-6.4333,39.55,298.07,73,32,7.98,TZ,1624157444
315,todos santos,23.45,-110.2167,306.65,82,29,2.83,MX,1624157444
316,kushima,31.4583,131.2333,301.88,58,100,1.95,JP,1624157227
317,vuktyl,63.8567,57.3094,280.15,57,59,8.55,RU,1624157445
318,gat,31.61,34.7642,293.53,78,0,1.58,IL,1624157217
319,mezen,65.8522,44.24,284.07,64,55,2.36,RU,1624157447
320,sangar,63.9242,127.4739,300.82,27,71,0.89,RU,1624157447
321,pacific grove,36.6177,-121.9166,299.98,86,75,1.34,US,1624157448
322,iqaluit,63.7506,-68.5145,275.0,80,20,0.0,CA,1624157448
323,emerald,-23.5333,148.1667,292.78,39,2,5.14,AU,1624157449
324,port macquarie,-31.4333,152.9167,291.42,73,84,7.28,AU,1624157449
325,gurupa,-1.405,-51.64,295.54,98,99,1.45,BR,1624157450
326,verkhnyaya toyma,62.2349,44.9985,289.0,49,15,0.9,RU,1624157450
327,yanam,16.7333,82.2167,303.37,54,95,4.71,IN,1624157450
328,codrington,-38.2667,141.9667,286.0,66,75,1.95,AU,1624157451
329,tommot,58.9564,126.2925,298.78,60,93,1.96,RU,1624157451
330,navoi,40.0844,65.3792,294.86,21,0,5.14,UZ,1624157341
331,medea,36.2642,2.7539,288.4,59,100,1.3,DZ,1624157452
332,batagay,67.6333,134.6333,302.66,22,100,2.25,RU,1624157453
333,beruwala,6.4788,79.9828,301.44,75,63,4.63,LK,1624157453
334,grand haven,43.0631,-86.2284,294.51,82,20,2.57,US,1624157454
335,dingle,10.9995,122.6711,304.08,65,100,5.12,PH,1624157454
336,badvel,14.75,79.05,303.39,53,100,8.47,IN,1624157346
337,sur,22.5667,59.5289,305.45,45,100,2.52,OM,1624157455
338,manokwari,-0.8667,134.0833,301.09,70,33,2.09,ID,1624157187
339,methoni,36.8197,21.7049,296.05,79,0,5.43,GR,1624157456
340,bac lieu,9.285,105.7244,304.86,58,72,5.44,VN,1624157456
341,durres,41.3231,19.4414,292.25,76,7,1.31,AL,1624157350
342,plettenberg bay,-34.0527,23.3716,291.02,41,17,3.38,ZA,1624157457
343,tual,-5.6667,132.75,300.35,79,77,7.69,ID,1624157457
344,guerrero negro,27.9769,-114.0611,290.85,87,0,8.0,MX,1624157458
345,mamou,10.5,-12.0,293.41,92,100,0.59,GN,1624157448
346,lashio,22.9333,97.75,295.01,92,100,1.29,MM,1624157459
347,dauphin,51.1494,-100.0502,291.23,68,75,6.69,CA,1624157459
348,berberati,4.2612,15.7922,293.05,96,71,0.74,CF,1624157460
349,nador,35.174,-2.9287,292.29,72,0,4.12,MA,1624157276
350,hasaki,35.7333,140.8333,298.31,93,100,8.72,JP,1624157460
351,beloha,-25.1667,45.05,291.86,77,99,7.05,MG,1624157461
352,keti bandar,24.1447,67.4497,302.79,67,100,8.32,PK,1624157461
353,kuntaur,13.6667,-14.8833,300.56,49,69,4.14,GM,1624157462
354,montlucon,46.3333,2.6,289.65,92,100,2.93,FR,1624157363
355,kpandae,8.4689,-0.0113,296.44,95,73,2.58,GH,1624157463
356,manga,11.6636,-1.0731,300.97,56,100,2.69,BF,1624157463
357,okhotsk,59.3833,143.3,286.08,67,99,8.08,RU,1624157464
358,clonakilty,51.6231,-8.8706,286.71,94,73,5.23,IE,1624157464
359,newport,51.5877,-2.9984,287.29,92,92,4.68,GB,1624157311
360,piacabucu,-10.4056,-36.4344,297.99,74,82,4.3,BR,1624157465
361,buraydah,26.326,43.975,297.4,12,0,0.4,SA,1624157465
362,zabrani,46.0667,21.55,290.02,89,3,2.53,RO,1624157466
363,harbin,45.75,126.65,292.12,68,99,4.08,CN,1624157194
364,alekseyevsk,57.8406,108.3492,299.35,32,100,2.17,RU,1624157467
365,kapoeta,4.7717,33.5903,294.8,85,97,1.11,SS,1624157467
366,zhigansk,66.7697,123.3711,297.46,41,68,1.07,RU,1624157468
367,oranjemund,-28.55,16.4333,293.11,35,64,1.81,NA,1624157407
368,mastung,29.7994,66.845,298.91,18,0,2.36,PK,1624157334
369,qaqortoq,60.7167,-46.0333,280.62,77,100,0.14,GL,1624157469
370,roald,62.5833,6.1333,286.02,87,90,5.14,NO,1624157470
371,bada,51.392,109.8717,294.01,44,14,3.2,RU,1624157471
372,jhawarian,32.3614,72.6228,307.24,33,0,5.4,PK,1624157271
373,gisborne,-38.6533,178.0042,288.12,92,100,2.33,NZ,1624157253
374,laguna,38.421,-121.4238,311.06,27,1,4.12,US,1624157192
375,khandyga,62.6667,135.6,303.64,23,75,1.89,RU,1624157472
376,auce,56.4598,22.9017,292.4,91,23,2.39,LV,1624157473
377,nizhnyaya omka,55.4338,74.9426,287.91,57,7,4.0,RU,1624157473
378,lodeynoye pole,60.726,33.5531,292.79,76,2,2.0,RU,1624157325
379,arandis,-22.4167,14.9667,293.49,25,2,8.97,NA,1624157474
380,ust-nera,64.5667,143.2,299.21,25,78,3.93,RU,1624157474
381,carutapera,-1.195,-46.02,296.7,93,56,2.5,BR,1624157475
382,hameenlinna,60.996,24.4643,292.34,77,0,2.8,FI,1624157475
383,el viejo,12.6633,-87.1672,299.89,82,98,1.93,NI,1624157476
384,la macarena,2.1837,-73.7849,295.13,99,100,0.43,CO,1624157476
385,la quinta,33.6634,-116.31,317.73,13,1,0.45,US,1624157430
386,kovdor,67.5662,30.4758,285.19,62,100,0.98,RU,1624157477
387,karoi,-16.8099,29.6925,282.07,78,0,2.51,ZW,1624157293
388,dali,25.7,100.1833,296.54,60,44,2.99,CN,1624157478
389,port hedland,-20.3167,118.5667,298.18,38,1,5.66,AU,1624157318
390,mingshui,36.7167,117.5,305.5,27,14,2.81,CN,1624157478
391,makakilo city,21.3469,-158.0858,300.2,64,90,3.09,US,1624157348
392,mahajanga,-15.7167,46.3167,292.16,59,20,2.06,MG,1624157479
393,pasni,25.2631,63.471,301.99,71,56,1.66,PK,1624157443
394,katangli,51.7102,143.2326,291.0,51,4,4.32,RU,1624157480
395,zaprudnya,56.5667,37.4333,291.5,81,3,1.4,RU,1624157481
396,loreto,22.2667,-101.9667,289.21,84,100,4.46,MX,1624157481
397,nautla,20.2167,-96.7833,300.29,87,100,4.86,MX,1624157482
398,sioux lookout,50.1001,-91.917,289.36,77,75,2.06,CA,1624157482
399,la palma,33.8464,-118.0467,304.24,69,1,2.68,US,1624157186
400,san angelo,31.4638,-100.437,305.27,40,1,0.89,US,1624157230
401,rockland,41.1668,-74.0496,294.59,93,99,0.99,US,1624157484
402,herve,50.6411,5.7961,292.32,87,100,5.51,BE,1624157485
403,cortez,37.3489,-108.5859,301.57,20,1,6.17,US,1624157486
404,lingao,19.9103,109.6859,307.65,51,40,7.58,CN,1624157486
405,russell,32.3502,-85.1999,297.75,90,75,4.12,US,1624157487
406,ust-kuyga,70.0167,135.6,302.84,20,91,0.43,RU,1624157487
407,bousse,12.6606,-1.8922,296.91,51,98,2.61,BF,1624157301
408,moose factory,51.2585,-80.6094,283.15,76,1,3.6,CA,1624157488
409,anderson,34.5334,-82.6499,295.67,96,40,0.45,US,1624157488
410,peniche,39.3558,-9.3811,290.22,92,96,8.77,PT,1624157209
411,watsa,3.0372,29.5355,289.1,97,99,0.52,CD,1624157204
412,shadegan,30.6497,48.6647,301.1,12,0,4.11,IR,1624157260
413,west wendover,40.7391,-114.0733,309.71,8,1,5.66,US,1624157490
414,bereda,43.2686,-7.5406,286.16,100,93,3.11,ES,1624157491
415,altay,47.8667,88.1167,293.13,56,100,1.68,CN,1624157303
416,ostrowiec swietokrzyski,50.9294,21.3853,290.85,96,2,2.28,PL,1624157492
417,mayumba,-3.432,10.6554,296.0,89,1,2.68,GA,1624157492
418,coquimbo,-29.9533,-71.3436,286.0,87,90,1.54,CL,1624157493
419,chodavaram,17.8333,82.95,304.06,66,99,2.36,IN,1624157494
420,fairview,40.8126,-73.999,294.71,76,90,3.13,US,1624157494
421,marica,-22.9194,-42.8186,294.18,86,8,5.07,BR,1624157495
422,kerugoya,-0.4989,37.2803,286.28,95,100,0.51,KE,1624157420
423,kavieng,-2.5744,150.7967,300.9,73,74,1.26,PG,1624157495
424,forest hills,42.9595,-85.4898,294.15,89,15,2.2,US,1624157496
425,coihaique,-45.5752,-72.0662,276.12,87,90,2.57,CL,1624157213
426,dax,43.75,-1.1667,291.16,98,45,1.54,FR,1624157497
427,the pas,53.8251,-101.2541,288.16,77,40,0.0,CA,1624157497
428,along,28.1667,94.7667,296.66,99,100,0.25,IN,1624157334
429,werda,-25.2667,23.2833,283.28,78,6,3.46,BW,1624157499
430,kahului,20.8947,-156.47,301.16,71,40,8.75,US,1624157499
431,la orilla,17.9833,-102.2333,298.53,88,100,1.97,MX,1624157500
432,laon,49.5667,3.6667,292.29,96,92,3.92,FR,1624157500
433,thompson,55.7435,-97.8558,282.24,93,90,4.12,CA,1624157500
434,leh,34.1667,77.5833,284.3,51,30,1.94,IN,1624157501
435,presidencia roque saenz pena,-26.7852,-60.4388,280.76,85,0,1.72,AR,1624157312
436,kemijarvi,66.7131,27.4306,282.65,85,100,1.33,FI,1624157502
437,adrar,20.5022,-10.0711,299.95,16,0,7.75,MR,1624157446
438,amuntai,-2.4177,115.2494,303.47,62,61,1.24,ID,1624157295
439,port-gentil,-0.7193,8.7815,298.4,80,91,6.97,GA,1624157503
440,lavrentiya,65.5833,-171.0,283.49,65,89,2.19,RU,1624157504
441,xuddur,4.1213,43.8894,293.03,84,100,7.45,SO,1624157504
442,dolni lutyne,49.8988,18.4282,293.58,89,0,2.24,CZ,1624157505
443,caxias,38.7031,-9.2767,290.9,82,75,0.89,PT,1624157505
444,kamaishi,39.2667,141.8833,299.68,69,100,3.76,JP,1624157505
445,nemuro,43.3236,145.575,282.39,98,100,6.51,JP,1624157506
446,fukue,32.6881,128.8419,299.35,53,0,3.6,JP,1624157506
447,tambacounda,13.7539,-13.7586,302.44,43,69,4.51,SN,1624157323
448,huarmey,-10.0681,-78.1522,292.34,85,61,3.8,PE,1624157409
449,tukrah,32.5341,20.5791,294.34,90,0,1.65,LY,1624157508
450,anadyr,64.75,177.4833,282.43,66,20,4.92,RU,1624157508
451,kristiansund,63.1115,7.732,284.51,87,90,1.03,NO,1624157508
452,kautokeino,69.0125,23.0412,282.15,78,99,4.93,NO,1624157509
453,hovd,48.0056,91.6419,297.24,24,95,1.94,MN,1624157260
454,praia da vitoria,38.7333,-27.0667,293.57,100,75,6.4,PT,1624157510
455,kokopo,-4.352,152.2633,302.29,68,92,3.51,PG,1624157510
456,eydhafushi,5.1033,73.0708,301.32,72,21,6.41,MV,1624157448
457,grindavik,63.8424,-22.4338,279.21,75,75,5.66,IS,1624157511
458,tucuman,-26.8241,-65.2226,281.15,87,90,0.0,AR,1624157511
459,horodnya,51.8909,31.5974,290.46,92,31,3.5,UA,1624157512
460,chum phae,16.5443,102.0992,305.76,47,59,3.26,TH,1624157512
461,mildura,-34.2,142.15,286.52,71,40,3.6,AU,1624157253
462,lensk,60.7253,114.9278,301.75,31,30,3.85,RU,1624157463
463,derzhavinsk,51.1,66.3167,288.15,77,100,4.65,KZ,1624157514
464,matara,5.9485,80.5353,301.6,72,32,5.8,LK,1624157514
465,yamada,39.4667,141.95,296.34,70,97,1.85,JP,1624157515
466,lodwar,3.1191,35.5973,297.5,60,97,4.94,KE,1624157371
467,voh,-20.9667,164.7,297.8,61,66,3.81,NC,1624157516
468,bokoro,12.3807,17.0568,301.79,57,50,5.82,TD,1624157516
469,berlevag,70.8578,29.0864,280.75,81,92,1.28,NO,1624157516
470,bilibino,68.0546,166.4372,287.67,49,100,2.88,RU,1624157517
471,camacari,-12.6975,-38.3242,299.02,94,7,1.28,BR,1624157518
472,dwarka,22.2394,68.9678,302.34,72,100,8.56,IN,1624157236
473,nekrasovskoye,57.6766,40.3657,293.09,77,0,0.0,RU,1624157518
474,krasnoselkup,65.7,82.4667,280.33,79,100,5.73,RU,1624157519
475,shubarkuduk,49.1447,56.4872,295.47,45,0,3.03,KZ,1624157519
476,kholodnyy,62.7167,147.95,294.52,35,99,1.95,RU,1624157520
477,las palmas,28.4204,-14.0131,290.59,72,64,7.2,ES,1624157268
478,nandu,22.8525,110.8233,306.12,61,100,3.45,CN,1624157521
479,bonthe,7.5264,-12.505,298.54,87,100,3.98,SL,1624157521
480,minggang,32.4586,114.0486,299.66,49,97,1.82,CN,1624157379
481,katobu,-4.9408,122.5276,297.39,92,100,2.23,ID,1624157523
482,severodvinsk,64.5635,39.8302,284.21,74,100,4.24,RU,1624157524
483,talcahuano,-36.7167,-73.1167,280.97,87,0,2.57,CL,1624157268
484,suleja,9.1758,7.1808,297.7,91,100,0.34,NG,1624157524
485,coutances,49.05,-1.4333,287.2,96,82,3.48,FR,1624157525
486,aswan,24.0934,32.907,299.31,22,0,3.93,EG,1624157525
487,motzorongo,18.6333,-96.7333,296.11,95,100,0.62,MX,1624157526
488,margate,51.3813,1.3862,288.32,98,98,0.89,GB,1624157526
489,mana,5.6592,-53.7767,298.64,85,25,3.76,GF,1624157527
490,bardiyah,31.7561,25.0865,294.85,81,0,4.58,LY,1624157527
491,moron,-34.6534,-58.6198,281.47,96,0,0.73,AR,1624157323
492,simi,9.5667,-12.35,296.35,98,100,1.29,SL,1624157528
493,vilyuysk,63.7553,121.6247,303.94,34,11,1.4,RU,1624157529
494,nizwa,22.9333,57.5333,306.42,21,46,0.96,OM,1624157530
495,longfeng,46.55,125.1167,296.6,50,69,5.25,CN,1624157416
496,smolenskoye,52.3044,85.0781,283.53,96,100,3.55,RU,1624157531
497,sakaraha,-22.9,44.5333,287.31,83,0,1.78,MG,1624157532
498,talakan,50.3167,130.3667,297.24,42,100,3.55,RU,1624157532
499,otjimbingwe,-22.35,16.1333,287.6,40,2,3.99,NA,1624157408
500,puerto escondido,15.85,-97.0667,300.3,84,92,2.17,MX,1624157534
501,sistranda,63.7256,8.834,284.76,85,100,7.8,NO,1624157534
502,nioro,13.35,-15.75,298.37,66,50,3.01,GM,1624157535
503,bayan,46.0833,127.4,292.88,69,62,6.19,CN,1624157536
504,khowst,33.3833,69.8833,299.67,28,0,1.4,AF,1624157536
505,bambanglipuro,-7.95,110.2833,292.93,70,99,1.24,ID,1624157363
506,palora,-1.7,-77.9333,291.05,97,100,1.02,EC,1624157537
507,kulachi,31.9286,70.4592,309.81,25,0,4.11,PK,1624157537
508,baykit,61.67,96.37,298.55,39,8,3.96,RU,1624157538
509,escanaba,45.7453,-87.0646,290.13,72,90,2.06,US,1624157538
510,turinsk,58.0458,63.696,288.31,70,49,7.81,RU,1624157539
511,wanxian,30.8039,108.3897,295.24,88,95,1.68,CN,1624157539
512,cotonou,6.3654,2.4183,301.14,83,40,5.14,BJ,1624157298
513,sisimiut,66.9395,-53.6735,277.35,96,100,1.8,GL,1624157540
514,tabou,4.423,-7.3528,298.05,88,100,3.38,CI,1624157385
515,mayor pablo lagerenza,-19.9309,-60.7718,284.89,67,100,0.44,PY,1624157541
516,erenhot,43.6475,111.9767,299.13,16,92,4.33,CN,1624157415
517,kidal,18.4411,1.4078,305.35,29,30,4.38,ML,1624157451
518,bubaque,11.2833,-15.8333,299.3,78,96,7.41,GW,1624157543
519,pineville,31.3224,-92.4343,302.31,73,1,1.54,US,1624157543
520,holme,56.1138,10.1725,286.65,86,17,1.8,DK,1624157544
521,evensk,61.95,159.2333,284.35,65,88,1.53,RU,1624157544
522,qui nhon,13.7667,109.2333,307.1,52,77,4.35,VN,1624157474
523,sirohi,24.8833,72.8667,298.71,79,100,1.27,IN,1624157340
524,coromandel,-18.4733,-47.2003,288.98,64,0,2.1,BR,1624157337
525,ketchikan,55.3422,-131.6461,291.41,55,1,6.17,US,1624157546
526,praya,14.9215,-23.5087,295.45,78,20,3.09,CV,1624157546
527,sirnak,37.5228,42.4594,295.2,26,0,1.83,TR,1624157547
528,athboy,53.6186,-6.9206,286.61,98,100,2.59,IE,1624157547
529,prince rupert,54.3161,-130.3201,289.2,73,1,3.6,CA,1624157548
530,te anau,-45.4167,167.7167,280.53,69,9,1.35,NZ,1624157424
531,loukhi,66.0764,33.0381,283.62,84,100,3.28,RU,1624157549
532,biak,-0.9131,122.8766,301.16,69,88,1.8,ID,1624157549
533,lokomotivnyy,53.0118,60.5684,292.91,70,40,8.28,RU,1624157549
534,conceicao da barra,-18.5933,-39.7322,294.38,74,100,2.61,BR,1624157550
535,balkanabat,39.5108,54.3671,302.94,18,0,4.1,TM,1624157550
536,ovalle,-30.5983,-71.2003,285.49,77,0,0.95,CL,1624157551
537,honiara,-9.4333,159.95,302.15,70,80,2.09,SB,1624157552
538,mangai,-4.05,19.5333,292.94,51,12,0.84,CD,1624157293
539,fabriano,43.3406,12.9073,295.13,76,69,3.23,IT,1624157553
540,ciudad bolivar,8.1222,-63.5497,299.02,80,96,4.72,VE,1624157553
541,plouzane,48.3833,-4.6167,285.33,94,0,2.57,FR,1624157554
542,jumla,29.2747,82.1838,289.99,93,100,0.27,NP,1624157554
543,riyadh,24.6877,46.7219,298.23,16,0,3.6,SA,1624157555
544,okato,-39.2,173.8833,285.61,94,100,3.66,NZ,1624157555
545,havre-saint-pierre,50.2334,-63.5986,285.35,94,90,5.66,CA,1624157556
546,tezu,27.9167,96.1667,297.46,98,100,0.1,IN,1624157556
547,soyo,-6.1349,12.3689,296.0,89,28,2.73,AO,1624157360
548,yichun,47.7,128.9,293.07,49,100,5.0,CN,1624157161
549,pervouralsk,56.9053,59.9436,290.29,65,77,6.37,RU,1624157443
550,alugan,12.2188,125.4808,303.11,67,100,3.49,PH,1624157558
551,halifax,44.6453,-63.5724,290.05,92,100,1.34,CA,1624157291
552,bandar-e lengeh,26.5579,54.8807,304.21,79,0,2.06,IR,1624157559
553,alamosa,37.4695,-105.87,290.88,79,76,1.35,US,1624157559
554,savonlinna,61.8699,28.88,293.18,68,0,3.6,FI,1624157559
555,finschhafen,-6.6024,147.8681,301.39,71,87,4.57,PG,1624157560
556,camana,-16.6228,-72.7111,290.29,89,61,2.98,PE,1624157416
557,indian head,38.6001,-77.1622,297.89,94,75,0.0,US,1624157561
558,san carlos de bariloche,-41.1456,-71.3082,275.06,60,0,2.57,AR,1624157265
559,wadi musa,30.3222,35.4793,288.97,47,0,0.95,JO,1624157562
